INSERT INTO `pet_type` (`Id`, `Name`) VALUES ('1', 'cat');
INSERT INTO `pet_type` (`Id`, `Name`) VALUES ('2', 'dog');
INSERT INTO `pet_type` (`Id`, `Name`) VALUES ('3', 'bird');
INSERT INTO `pet_type` (`Id`, `Name`) VALUES ('4', 'rabbit');
INSERT INTO `pet_type` (`Id`, `Name`) VALUES ('5', 'guinea pig');
INSERT INTO `pet_type` (`Id`, `Name`) VALUES ('6', 'fish');
INSERT INTO `pet_type` (`Id`, `Name`) VALUES ('7', 'reptile');
INSERT INTO `pet_type` (`Id`, `Name`) VALUES ('8', 'ferret');
INSERT INTO `pet_type` (`Id`, `Name`) VALUES ('9', 'insect');


INSERT INTO `role` (`Id`, `Name`) VALUES ('1', 'ADMIN');
INSERT INTO `role` (`Id`, `Name`) VALUES ('2', 'DOCTOR');
INSERT INTO `role` (`Id`, `Name`) VALUES ('3', 'ADMIN');


INSERT INTO `doctor_specialization` (`Id`, `Name`) VALUES ('1', 'Anesthesia');
INSERT INTO `doctor_specialization` (`Id`, `Name`) VALUES ('2', 'Dermatology');
INSERT INTO `doctor_specialization` (`Id`, `Name`) VALUES ('3', 'Microbiology');
INSERT INTO `doctor_specialization` (`Id`, `Name`) VALUES ('4', 'Nutrition');
INSERT INTO `doctor_specialization` (`Id`, `Name`) VALUES ('5', 'Pathology');
INSERT INTO `doctor_specialization` (`Id`, `Name`) VALUES ('6', 'Radiology');
INSERT INTO `doctor_specialization` (`Id`, `Name`) VALUES ('7', 'Toxicology');


INSERT INTO `user` (`Id`, `Role`, `Email`, `Password`) VALUES ('1', '1', 'demario28@example.net', 'f64842aa604fdbaf0ed2c6e6f496922095285c68');
INSERT INTO `user` (`Id`, `Role`, `Email`, `Password`) VALUES ('2', '2', 'esmeralda75@example.net', '001400d313d348e6bd218ba7c764bdfde01ce710');
INSERT INTO `user` (`Id`, `Role`, `Email`, `Password`) VALUES ('3', '3', 'king.graham@example.org', '1d085014a8599f84114e9aba58c5116e0a112b43');
INSERT INTO `user` (`Id`, `Role`, `Email`, `Password`) VALUES ('4', '1', 'rgreen@example.com', '7cac1070c6b7af8ca3f8bcbf3f62d3bafe32be7d');
INSERT INTO `user` (`Id`, `Role`, `Email`, `Password`) VALUES ('5', '2', 'corbin14@example.com', 'b9cd2499795a141702573818e82ac02d16082ae4');
INSERT INTO `user` (`Id`, `Role`, `Email`, `Password`) VALUES ('6', '3', 'nathanial56@example.net', '9b35eecb75bb778ba9bc48c2675668c6742aae9b');
INSERT INTO `user` (`Id`, `Role`, `Email`, `Password`) VALUES ('7', '1', 'lmayert@example.com', 'dbda9c35c0049061a69c78491fe52b6b71e1e00d');
INSERT INTO `user` (`Id`, `Role`, `Email`, `Password`) VALUES ('8', '2', 'milan.fritsch@example.com', '5961d0396f27f06e5cceeedb4e02ec562a3c40e0');
INSERT INTO `user` (`Id`, `Role`, `Email`, `Password`) VALUES ('9', '3', 'lesch.carlie@example.com', '11d639f3eb7d6d5809eae01167a5b061c8ef6f7d');
INSERT INTO `user` (`Id`, `Role`, `Email`, `Password`) VALUES ('10', '1', 'zaufderhar@example.org', 'd1ed8829f55afd04e3bf4d5cb483869bb3ca7c26');
INSERT INTO `user` (`Id`, `Role`, `Email`, `Password`) VALUES ('11', '2', 'bernier.catharine@example.org', '54871b6587bb537e7dadd9d39fc459ceae0cf1e9');
INSERT INTO `user` (`Id`, `Role`, `Email`, `Password`) VALUES ('12', '3', 'jeanne19@example.com', '216f682cd1dfd0679a69066043482e5b0074ccf9');
INSERT INTO `user` (`Id`, `Role`, `Email`, `Password`) VALUES ('13', '1', 'keanu22@example.org', 'bd7d01a63187d31cf83b26ba99585edb02f5ac00');
INSERT INTO `user` (`Id`, `Role`, `Email`, `Password`) VALUES ('14', '2', 'gbrakus@example.org', 'dab695ef9b28a54dd79fcf8bdb48fc984c596fbf');
INSERT INTO `user` (`Id`, `Role`, `Email`, `Password`) VALUES ('15', '3', 'timothy61@example.net', '9f41baff8dce9fdd5f3524cf52894532e3b2ed25');
INSERT INTO `user` (`Id`, `Role`, `Email`, `Password`) VALUES ('16', '1', 'ghuel@example.net', 'a94e6600e2796a5b69174846de96733ad0e47900');
INSERT INTO `user` (`Id`, `Role`, `Email`, `Password`) VALUES ('17', '2', 'allie56@example.com', '57853a46bb87fb567a9f817a3bba441b43c4bdcf');
INSERT INTO `user` (`Id`, `Role`, `Email`, `Password`) VALUES ('18', '3', 'caleigh46@example.com', 'd99abfdc60d504c67b08a9b84b2b87d3d6136cc3');
INSERT INTO `user` (`Id`, `Role`, `Email`, `Password`) VALUES ('19', '1', 'elta38@example.com', '215536d3f206499de6264274b81c0550edabf076');
INSERT INTO `user` (`Id`, `Role`, `Email`, `Password`) VALUES ('20', '2', 'torphy.carlotta@example.com', 'd39aadfc97db84e17a18d068d27b9cabfad2d24f');


INSERT INTO `doctor` (`Id`, `User`, `Specialization`) VALUES ('1', '1', '1');
INSERT INTO `doctor` (`Id`, `User`, `Specialization`) VALUES ('2', '2', '2');
INSERT INTO `doctor` (`Id`, `User`, `Specialization`) VALUES ('3', '3', '3');
INSERT INTO `doctor` (`Id`, `User`, `Specialization`) VALUES ('4', '4', '4');
INSERT INTO `doctor` (`Id`, `User`, `Specialization`) VALUES ('5', '5', '5');
INSERT INTO `doctor` (`Id`, `User`, `Specialization`) VALUES ('6', '6', '6');
INSERT INTO `doctor` (`Id`, `User`, `Specialization`) VALUES ('7', '7', '7');
INSERT INTO `doctor` (`Id`, `User`, `Specialization`) VALUES ('8', '8', '1');
INSERT INTO `doctor` (`Id`, `User`, `Specialization`) VALUES ('9', '9', '2');
INSERT INTO `doctor` (`Id`, `User`, `Specialization`) VALUES ('10', '10', '3');


INSERT INTO `pet` (`Id`, `Name`, `Type`, `Owner`) VALUES ('1', 'voluptas', '1', '1');
INSERT INTO `pet` (`Id`, `Name`, `Type`, `Owner`) VALUES ('2', 'tempora', '2', '2');
INSERT INTO `pet` (`Id`, `Name`, `Type`, `Owner`) VALUES ('3', 'cupiditate', '3', '3');
INSERT INTO `pet` (`Id`, `Name`, `Type`, `Owner`) VALUES ('4', 'voluptatibus', '4', '4');
INSERT INTO `pet` (`Id`, `Name`, `Type`, `Owner`) VALUES ('5', 'debitis', '5', '5');
INSERT INTO `pet` (`Id`, `Name`, `Type`, `Owner`) VALUES ('6', 'sequi', '6', '6');
INSERT INTO `pet` (`Id`, `Name`, `Type`, `Owner`) VALUES ('7', 'vero', '7', '7');
INSERT INTO `pet` (`Id`, `Name`, `Type`, `Owner`) VALUES ('8', 'ipsam', '8', '8');
INSERT INTO `pet` (`Id`, `Name`, `Type`, `Owner`) VALUES ('9', 'occaecati', '9', '9');
INSERT INTO `pet` (`Id`, `Name`, `Type`, `Owner`) VALUES ('10', 'velit', '1', '10');
INSERT INTO `pet` (`Id`, `Name`, `Type`, `Owner`) VALUES ('11', 'qui', '2', '11');
INSERT INTO `pet` (`Id`, `Name`, `Type`, `Owner`) VALUES ('12', 'molestiae', '3', '12');
INSERT INTO `pet` (`Id`, `Name`, `Type`, `Owner`) VALUES ('13', 'temporibus', '4', '13');
INSERT INTO `pet` (`Id`, `Name`, `Type`, `Owner`) VALUES ('14', 'voluptas', '5', '14');
INSERT INTO `pet` (`Id`, `Name`, `Type`, `Owner`) VALUES ('15', 'perspiciatis', '6', '15');
INSERT INTO `pet` (`Id`, `Name`, `Type`, `Owner`) VALUES ('16', 'sequi', '7', '16');
INSERT INTO `pet` (`Id`, `Name`, `Type`, `Owner`) VALUES ('17', 'eos', '8', '17');
INSERT INTO `pet` (`Id`, `Name`, `Type`, `Owner`) VALUES ('18', 'magnam', '9', '18');
INSERT INTO `pet` (`Id`, `Name`, `Type`, `Owner`) VALUES ('19', 'possimus', '1', '19');
INSERT INTO `pet` (`Id`, `Name`, `Type`, `Owner`) VALUES ('20', 'quia', '2', '20');
INSERT INTO `pet` (`Id`, `Name`, `Type`, `Owner`) VALUES ('21', 'ipsum', '3', '1');
INSERT INTO `pet` (`Id`, `Name`, `Type`, `Owner`) VALUES ('22', 'dolorem', '4', '2');
INSERT INTO `pet` (`Id`, `Name`, `Type`, `Owner`) VALUES ('23', 'maxime', '5', '3');
INSERT INTO `pet` (`Id`, `Name`, `Type`, `Owner`) VALUES ('24', 'mollitia', '6', '4');
INSERT INTO `pet` (`Id`, `Name`, `Type`, `Owner`) VALUES ('25', 'cupiditate', '7', '5');
INSERT INTO `pet` (`Id`, `Name`, `Type`, `Owner`) VALUES ('26', 'totam', '8', '6');
INSERT INTO `pet` (`Id`, `Name`, `Type`, `Owner`) VALUES ('27', 'quas', '9', '7');
INSERT INTO `pet` (`Id`, `Name`, `Type`, `Owner`) VALUES ('28', 'nobis', '1', '8');
INSERT INTO `pet` (`Id`, `Name`, `Type`, `Owner`) VALUES ('29', 'modi', '2', '9');
INSERT INTO `pet` (`Id`, `Name`, `Type`, `Owner`) VALUES ('30', 'voluptatem', '3', '10');
INSERT INTO `pet` (`Id`, `Name`, `Type`, `Owner`) VALUES ('31', 'quia', '4', '11');
INSERT INTO `pet` (`Id`, `Name`, `Type`, `Owner`) VALUES ('32', 'ut', '5', '12');
INSERT INTO `pet` (`Id`, `Name`, `Type`, `Owner`) VALUES ('33', 'quasi', '6', '13');
INSERT INTO `pet` (`Id`, `Name`, `Type`, `Owner`) VALUES ('34', 'ut', '7', '14');
INSERT INTO `pet` (`Id`, `Name`, `Type`, `Owner`) VALUES ('35', 'sint', '8', '15');
INSERT INTO `pet` (`Id`, `Name`, `Type`, `Owner`) VALUES ('36', 'aut', '9', '16');
INSERT INTO `pet` (`Id`, `Name`, `Type`, `Owner`) VALUES ('37', 'non', '1', '17');
INSERT INTO `pet` (`Id`, `Name`, `Type`, `Owner`) VALUES ('38', 'non', '2', '18');
INSERT INTO `pet` (`Id`, `Name`, `Type`, `Owner`) VALUES ('39', 'quia', '3', '19');
INSERT INTO `pet` (`Id`, `Name`, `Type`, `Owner`) VALUES ('40', 'repudiandae', '4', '20');
INSERT INTO `pet` (`Id`, `Name`, `Type`, `Owner`) VALUES ('41', 'ratione', '5', '1');
INSERT INTO `pet` (`Id`, `Name`, `Type`, `Owner`) VALUES ('42', 'provident', '6', '2');
INSERT INTO `pet` (`Id`, `Name`, `Type`, `Owner`) VALUES ('43', 'nostrum', '7', '3');
INSERT INTO `pet` (`Id`, `Name`, `Type`, `Owner`) VALUES ('44', 'expedita', '8', '4');
INSERT INTO `pet` (`Id`, `Name`, `Type`, `Owner`) VALUES ('45', 'rerum', '9', '5');
INSERT INTO `pet` (`Id`, `Name`, `Type`, `Owner`) VALUES ('46', 'sint', '1', '6');
INSERT INTO `pet` (`Id`, `Name`, `Type`, `Owner`) VALUES ('47', 'et', '2', '7');
INSERT INTO `pet` (`Id`, `Name`, `Type`, `Owner`) VALUES ('48', 'placeat', '3', '8');
INSERT INTO `pet` (`Id`, `Name`, `Type`, `Owner`) VALUES ('49', 'soluta', '4', '9');
INSERT INTO `pet` (`Id`, `Name`, `Type`, `Owner`) VALUES ('50', 'et', '5', '10');


INSERT INTO `issue` (`Id`, `Doctor`, `Pet`, `Description`) VALUES ('1', '1', '1', 'Est eveniet sit qui excepturi voluptatibus perferendis. Sed maiores aliquam esse sed. Et blanditiis ea possimus et eos.');
INSERT INTO `issue` (`Id`, `Doctor`, `Pet`, `Description`) VALUES ('2', '2', '2', 'Praesentium laudantium beatae esse eius dicta dolorem. Nemo quasi dolores architecto nam. Sunt hic vero et laborum vero deserunt adipisci doloribus.');
INSERT INTO `issue` (`Id`, `Doctor`, `Pet`, `Description`) VALUES ('3', '3', '3', 'Officia aperiam id autem voluptatem est eaque quam. Laudantium enim non nesciunt aut quae. Quia sed quae id aliquid alias eos iste. Voluptatem earum voluptatem aut.');
INSERT INTO `issue` (`Id`, `Doctor`, `Pet`, `Description`) VALUES ('4', '4', '4', 'Hic nihil possimus rerum explicabo. Dignissimos rerum rerum ipsam doloremque id provident. Sint et pariatur omnis et.');
INSERT INTO `issue` (`Id`, `Doctor`, `Pet`, `Description`) VALUES ('5', '5', '5', 'Occaecati ipsa totam ut aut ad dignissimos amet. Illo nobis veniam ullam a voluptas ab. Id delectus dolor quidem quasi.');
INSERT INTO `issue` (`Id`, `Doctor`, `Pet`, `Description`) VALUES ('6', '6', '6', 'Animi voluptas rerum assumenda accusantium sapiente sunt sit. Quod harum et molestiae doloribus illum ipsa amet. Excepturi corporis sapiente repellat architecto totam. Ipsam natus et tempore perspiciatis fugit rem.');
INSERT INTO `issue` (`Id`, `Doctor`, `Pet`, `Description`) VALUES ('7', '7', '7', 'Quas repellendus hic vel cum ea sed repudiandae. Qui sit temporibus ut provident nihil nemo. Placeat dolorem hic hic vel tempore iusto. Necessitatibus autem voluptates eveniet non ut.');
INSERT INTO `issue` (`Id`, `Doctor`, `Pet`, `Description`) VALUES ('8', '8', '8', 'Tenetur cum neque accusamus nisi laboriosam voluptatum quasi enim. Est est id corporis eius sit quia tempora. Accusamus delectus ut perferendis animi.');
INSERT INTO `issue` (`Id`, `Doctor`, `Pet`, `Description`) VALUES ('9', '9', '9', 'Quas rerum voluptatem at nobis repellat. Inventore magnam ad quis voluptates. Ducimus omnis eveniet ratione laborum a expedita illo. Ut quia omnis maxime.');
INSERT INTO `issue` (`Id`, `Doctor`, `Pet`, `Description`) VALUES ('10', '10', '10', 'Dignissimos nesciunt optio odit ut iure voluptatem. Qui amet deleniti asperiores saepe sunt non. Dolor quidem dicta officiis unde qui molestias nihil excepturi. Deserunt illo dolore autem repellendus voluptatibus sed eos. Vel minus quasi vero.');
INSERT INTO `issue` (`Id`, `Doctor`, `Pet`, `Description`) VALUES ('11', '1', '11', 'Impedit iste libero velit consequuntur. Omnis dignissimos neque nihil sequi voluptatem nam. Et impedit est voluptates consectetur.');
INSERT INTO `issue` (`Id`, `Doctor`, `Pet`, `Description`) VALUES ('12', '2', '12', 'Rerum reprehenderit minima voluptatem ipsa voluptas et aliquid. Quasi omnis earum et in sunt aspernatur. Debitis quam nihil voluptatem fugiat et ea voluptas. Id non accusamus ut minus earum aut.');
INSERT INTO `issue` (`Id`, `Doctor`, `Pet`, `Description`) VALUES ('13', '3', '13', 'Non dolores temporibus enim qui. Assumenda minima fuga accusamus. Non vitae ullam et ut temporibus blanditiis est vel. Voluptates ad nihil nobis illum natus quo.');
INSERT INTO `issue` (`Id`, `Doctor`, `Pet`, `Description`) VALUES ('14', '4', '14', 'Reprehenderit impedit soluta aut ut omnis. Fuga quis numquam corrupti eum. Saepe dolorum autem et soluta deleniti. Aut rem deserunt natus qui alias sunt.');
INSERT INTO `issue` (`Id`, `Doctor`, `Pet`, `Description`) VALUES ('15', '5', '15', 'Debitis consectetur ut dolor voluptatibus. Eligendi velit qui error est et maxime. Veniam exercitationem iste dicta et ut ut. Ad quaerat consequatur similique sapiente optio quia asperiores.');
INSERT INTO `issue` (`Id`, `Doctor`, `Pet`, `Description`) VALUES ('16', '6', '16', 'Animi accusamus et omnis adipisci et quos quam totam. Consequatur dolorem maxime sit ad quis aut itaque tempore. Et perspiciatis dolorum quia a quas est sed quia.');
INSERT INTO `issue` (`Id`, `Doctor`, `Pet`, `Description`) VALUES ('17', '7', '17', 'Ipsum quas voluptas quo aspernatur minus sed. Ipsum aut non cupiditate ut. Cum totam molestiae aperiam odit eaque. Aperiam modi ipsum facilis sit qui ipsam.');
INSERT INTO `issue` (`Id`, `Doctor`, `Pet`, `Description`) VALUES ('18', '8', '18', 'Animi at odit earum. Dignissimos minima ea numquam ratione. Sit id laboriosam possimus quibusdam itaque placeat. Molestiae explicabo rerum dolorum consectetur autem sed aut.');
INSERT INTO `issue` (`Id`, `Doctor`, `Pet`, `Description`) VALUES ('19', '9', '19', 'Quos quia voluptatibus veritatis facilis tempore aut. Sit modi molestiae consequuntur amet sunt quaerat qui.');
INSERT INTO `issue` (`Id`, `Doctor`, `Pet`, `Description`) VALUES ('20', '10', '20', 'In doloremque est perspiciatis est quae enim. Qui itaque animi ut facilis vel. Consequatur enim animi consequuntur magni dolorem et mollitia aspernatur. Deserunt ipsa magni nesciunt minus eum saepe.');
INSERT INTO `issue` (`Id`, `Doctor`, `Pet`, `Description`) VALUES ('21', '1', '21', 'Distinctio porro molestiae iusto rem sit sint mollitia. Ea debitis aut eos non. Reprehenderit eaque excepturi perferendis.');
INSERT INTO `issue` (`Id`, `Doctor`, `Pet`, `Description`) VALUES ('22', '2', '22', 'Tempora error sint ut accusantium quos. Quia in quibusdam quas quo ut. Consequatur minima ipsum aut quia.');
INSERT INTO `issue` (`Id`, `Doctor`, `Pet`, `Description`) VALUES ('23', '3', '23', 'Repellendus quasi corporis nisi expedita. Consectetur officia ea sapiente repudiandae esse.');
INSERT INTO `issue` (`Id`, `Doctor`, `Pet`, `Description`) VALUES ('24', '4', '24', 'Est dolores et eum aut odit sint. Cupiditate blanditiis cupiditate ducimus architecto asperiores et commodi inventore. Iusto voluptates ut iure possimus eum et eligendi.');
INSERT INTO `issue` (`Id`, `Doctor`, `Pet`, `Description`) VALUES ('25', '5', '25', 'Quasi laudantium eos occaecati ut maiores omnis aliquid. Dolores ullam sit dicta dolor et maiores. Optio et eligendi praesentium eveniet nemo temporibus odit. Vel voluptatum modi est.');
INSERT INTO `issue` (`Id`, `Doctor`, `Pet`, `Description`) VALUES ('26', '6', '26', 'Et at sed facilis atque. Exercitationem quia quia officiis provident harum repellendus ut pariatur. Vel sint consequatur necessitatibus quae. Et provident quia est.');
INSERT INTO `issue` (`Id`, `Doctor`, `Pet`, `Description`) VALUES ('27', '7', '27', 'At sit dolore optio dolorem veniam. Est ducimus dicta molestiae. Consequatur quo sed doloribus voluptatum nam voluptatem qui saepe.');
INSERT INTO `issue` (`Id`, `Doctor`, `Pet`, `Description`) VALUES ('28', '8', '28', 'Expedita qui eum cumque tempora hic libero. Quas nihil accusamus consectetur et voluptatibus vitae repudiandae. Quam maiores architecto nihil excepturi repellendus dolorem.');
INSERT INTO `issue` (`Id`, `Doctor`, `Pet`, `Description`) VALUES ('29', '9', '29', 'Esse et cupiditate asperiores esse. Beatae voluptates perferendis eius aperiam est. Velit culpa dicta asperiores officiis impedit quis. Aliquid sed quo iusto. Aliquam sit alias vel veniam.');
INSERT INTO `issue` (`Id`, `Doctor`, `Pet`, `Description`) VALUES ('30', '10', '30', 'Repudiandae molestiae earum non dicta fuga cumque quam. Praesentium voluptatibus quae illum debitis. Dicta qui necessitatibus reiciendis sequi deserunt inventore quo odit. Cum aut ad alias sunt sed. Officiis occaecati molestiae ut et iusto voluptates.');
INSERT INTO `issue` (`Id`, `Doctor`, `Pet`, `Description`) VALUES ('31', '1', '31', 'Sint quo illum nesciunt laboriosam. Velit fugit occaecati deleniti quia.');
INSERT INTO `issue` (`Id`, `Doctor`, `Pet`, `Description`) VALUES ('32', '2', '32', 'Enim quia doloribus magni aut non assumenda. Et dicta expedita porro quis inventore. Et repudiandae consequatur rem necessitatibus et consequuntur. Mollitia autem autem vitae.');
INSERT INTO `issue` (`Id`, `Doctor`, `Pet`, `Description`) VALUES ('33', '3', '33', 'Illo perspiciatis velit ut ut similique quae sint et. In iusto enim eos unde nisi. Aut eos neque sed quia eum nam. Quidem natus et quam dicta officiis consequuntur est aut. Voluptates odit a reprehenderit omnis.');
INSERT INTO `issue` (`Id`, `Doctor`, `Pet`, `Description`) VALUES ('34', '4', '34', 'Sit quibusdam omnis aut consequatur ipsa tenetur molestias. Amet ut error molestias odit blanditiis quia. Molestiae qui impedit dolorem voluptatum laborum reprehenderit vel.');
INSERT INTO `issue` (`Id`, `Doctor`, `Pet`, `Description`) VALUES ('35', '5', '35', 'Illum et nemo dignissimos ipsa qui necessitatibus. Ipsa architecto sit ut omnis. Quas aut qui et non minima ut voluptas. Praesentium facilis minima totam sint dignissimos.');
INSERT INTO `issue` (`Id`, `Doctor`, `Pet`, `Description`) VALUES ('36', '6', '36', 'Sequi vel eos dolor sunt rerum. Cumque sit officiis nihil. Omnis et autem sint sunt tenetur impedit voluptas iure.');
INSERT INTO `issue` (`Id`, `Doctor`, `Pet`, `Description`) VALUES ('37', '7', '37', 'Enim est ut consequatur eligendi molestiae possimus illo. Minus voluptas eum alias quidem veritatis dolorem. Expedita aliquam est voluptatum commodi cumque iste. Enim assumenda a quaerat.');
INSERT INTO `issue` (`Id`, `Doctor`, `Pet`, `Description`) VALUES ('38', '8', '38', 'Officia velit necessitatibus sit atque autem. Voluptas dolor saepe quod aliquid. Et nihil consequatur facere veniam. Qui porro sit voluptas nulla unde.');
INSERT INTO `issue` (`Id`, `Doctor`, `Pet`, `Description`) VALUES ('39', '9', '39', 'Dignissimos esse voluptas earum beatae qui non. Quam ea labore accusantium nihil dolores hic quo. Laborum sequi corporis cupiditate et.');
INSERT INTO `issue` (`Id`, `Doctor`, `Pet`, `Description`) VALUES ('40', '10', '40', 'Aut explicabo praesentium earum nihil qui delectus neque. Ex quasi veritatis voluptates modi itaque.');
INSERT INTO `issue` (`Id`, `Doctor`, `Pet`, `Description`) VALUES ('41', '1', '41', 'Sit ut quia sit facere. Nisi hic dolorem est sed numquam deleniti fuga. Commodi explicabo harum dicta ducimus. Soluta odio recusandae sit quibusdam error aut reiciendis minima. Sed saepe voluptatem voluptatum accusantium ullam aperiam atque.');
INSERT INTO `issue` (`Id`, `Doctor`, `Pet`, `Description`) VALUES ('42', '2', '42', 'Qui qui tempore dolor neque. A quia exercitationem accusantium asperiores et. Autem iste sint et quo eum enim. Autem sed perspiciatis non odit assumenda culpa.');
INSERT INTO `issue` (`Id`, `Doctor`, `Pet`, `Description`) VALUES ('43', '3', '43', 'Quia facere nesciunt aspernatur modi. Nostrum veniam asperiores consectetur possimus animi repellendus. Explicabo ab deleniti modi dolorum libero. Numquam et ut rerum molestiae eligendi porro impedit.');
INSERT INTO `issue` (`Id`, `Doctor`, `Pet`, `Description`) VALUES ('44', '4', '44', 'Labore est fugit cupiditate quo sit ab qui. Cupiditate iste ut dolorem quia. Deserunt atque voluptas et voluptas recusandae et rerum.');
INSERT INTO `issue` (`Id`, `Doctor`, `Pet`, `Description`) VALUES ('45', '5', '45', 'Voluptatum distinctio nihil iure mollitia veniam nisi. Id dolore sit possimus et inventore illo. Voluptas aut numquam exercitationem ipsum pariatur accusamus eaque. Voluptatem qui animi voluptatem ullam.');
INSERT INTO `issue` (`Id`, `Doctor`, `Pet`, `Description`) VALUES ('46', '6', '46', 'Et quis est inventore in. Doloremque sit autem pariatur nemo quasi necessitatibus aut.');
INSERT INTO `issue` (`Id`, `Doctor`, `Pet`, `Description`) VALUES ('47', '7', '47', 'Quidem reiciendis culpa molestiae perspiciatis ab aliquid. Non vel rerum ut et voluptas. Qui qui et amet in iste quaerat. Dolor reiciendis voluptatibus dolor. Et ullam voluptatem eligendi rerum consequuntur.');
INSERT INTO `issue` (`Id`, `Doctor`, `Pet`, `Description`) VALUES ('48', '8', '48', 'Officiis in odio ut quia molestiae consequuntur totam. Ipsum ut sed qui sit rem placeat. Ipsam quaerat dolor architecto quis suscipit ea voluptas harum. Aut est vel impedit eum.');
INSERT INTO `issue` (`Id`, `Doctor`, `Pet`, `Description`) VALUES ('49', '9', '49', 'Odit nostrum eligendi tenetur quae modi et aliquid. Consequatur sint esse atque quidem aspernatur repudiandae.');
INSERT INTO `issue` (`Id`, `Doctor`, `Pet`, `Description`) VALUES ('50', '10', '50', 'Expedita corporis aliquam iure in porro. Sequi neque consequatur possimus cumque. Officia dicta quos quia vero. Nihil earum et debitis.');
INSERT INTO `issue` (`Id`, `Doctor`, `Pet`, `Description`) VALUES ('51', '1', '1', 'Est quia non libero rem. Quo dolore non iure et. Sed similique et nobis aut corrupti. Nulla quas dolore aliquid quam eos facere.');
INSERT INTO `issue` (`Id`, `Doctor`, `Pet`, `Description`) VALUES ('52', '2', '2', 'Omnis iste ipsam enim autem totam dolor cumque. Reprehenderit qui labore qui veritatis laboriosam laudantium rerum. Distinctio voluptates mollitia nisi explicabo fuga eos.');
INSERT INTO `issue` (`Id`, `Doctor`, `Pet`, `Description`) VALUES ('53', '3', '3', 'Sint sequi atque consequuntur ut blanditiis. Natus mollitia ut eveniet accusamus possimus dicta. Tenetur voluptatem sed blanditiis veniam expedita. Aut excepturi nobis mollitia voluptas delectus. Dicta consequatur doloribus autem autem.');
INSERT INTO `issue` (`Id`, `Doctor`, `Pet`, `Description`) VALUES ('54', '4', '4', 'Temporibus et quos perferendis eligendi. Omnis facilis quae mollitia ex et rerum et.');
INSERT INTO `issue` (`Id`, `Doctor`, `Pet`, `Description`) VALUES ('55', '5', '5', 'Non sequi et necessitatibus inventore quis tempore. Harum cumque non beatae praesentium sequi. Voluptate consequatur et et quo eaque cumque aspernatur. Voluptates est eos ut asperiores ut.');
INSERT INTO `issue` (`Id`, `Doctor`, `Pet`, `Description`) VALUES ('56', '6', '6', 'Non dolorum fugit harum velit dolores. Eius saepe sit accusantium qui dolorem. Et amet blanditiis dolores veritatis odit repudiandae et molestiae.');
INSERT INTO `issue` (`Id`, `Doctor`, `Pet`, `Description`) VALUES ('57', '7', '7', 'Et consequatur quia eius facilis. Quia illum tenetur quia ut praesentium et. Aperiam expedita et et sed ducimus consequuntur. Optio cupiditate consectetur et dolorem.');
INSERT INTO `issue` (`Id`, `Doctor`, `Pet`, `Description`) VALUES ('58', '8', '8', 'Quo dolores tenetur perspiciatis deleniti dolores. Nemo voluptatem adipisci et est.');
INSERT INTO `issue` (`Id`, `Doctor`, `Pet`, `Description`) VALUES ('59', '9', '9', 'Qui quibusdam tenetur eligendi voluptates placeat ut ea. Nostrum eaque ut quo dignissimos. Consequatur ex alias excepturi quibusdam. Laboriosam perferendis dicta hic est a tempore. Qui qui itaque itaque.');
INSERT INTO `issue` (`Id`, `Doctor`, `Pet`, `Description`) VALUES ('60', '10', '10', 'Natus quidem repellendus accusantium omnis. Quis explicabo adipisci et tempore ut velit porro sit. Tenetur quos harum recusandae atque.');
INSERT INTO `issue` (`Id`, `Doctor`, `Pet`, `Description`) VALUES ('61', '1', '11', 'Quidem tempora ut voluptatem unde ad neque non. Quae adipisci nesciunt facilis eos nam assumenda minus. Mollitia quis ex vel autem. Perspiciatis corrupti sint qui quis occaecati molestias commodi.');
INSERT INTO `issue` (`Id`, `Doctor`, `Pet`, `Description`) VALUES ('62', '2', '12', 'Earum quaerat quidem harum. Molestias consequatur natus sit expedita necessitatibus. Est quibusdam consectetur ut atque.');
INSERT INTO `issue` (`Id`, `Doctor`, `Pet`, `Description`) VALUES ('63', '3', '13', 'Cum fugit deserunt libero laborum consectetur. Omnis voluptatum ut possimus sed.');
INSERT INTO `issue` (`Id`, `Doctor`, `Pet`, `Description`) VALUES ('64', '4', '14', 'Tempora odit eos ut labore assumenda. Quos qui qui id eligendi sequi. Autem est laboriosam omnis voluptate delectus quisquam laboriosam. Ipsa sint ea fugiat nostrum nihil.');
INSERT INTO `issue` (`Id`, `Doctor`, `Pet`, `Description`) VALUES ('65', '5', '15', 'Corporis autem quidem quos. Eos voluptatem distinctio veritatis saepe. Eos dolorum molestias adipisci reiciendis aut odit. Voluptatem ut numquam quos velit ut.');
INSERT INTO `issue` (`Id`, `Doctor`, `Pet`, `Description`) VALUES ('66', '6', '16', 'Repudiandae esse vel officia hic voluptas rerum maiores. Voluptates voluptatem excepturi maiores consequatur blanditiis doloremque.');
INSERT INTO `issue` (`Id`, `Doctor`, `Pet`, `Description`) VALUES ('67', '7', '17', 'Voluptate ex odio ut. Eum eligendi ut maiores modi et. Voluptas dolore qui voluptatem adipisci id quas occaecati modi. Sint corporis vero deleniti error et qui.');
INSERT INTO `issue` (`Id`, `Doctor`, `Pet`, `Description`) VALUES ('68', '8', '18', 'Ipsum earum et error. Labore et aut error ut. Ipsam quibusdam totam sed nisi.');
INSERT INTO `issue` (`Id`, `Doctor`, `Pet`, `Description`) VALUES ('69', '9', '19', 'Vitae ut ducimus nostrum occaecati nisi non. Minima sit consequatur sit et. Sit in repellendus atque repudiandae voluptas et eum. A ut tempore et quaerat in cum laborum.');
INSERT INTO `issue` (`Id`, `Doctor`, `Pet`, `Description`) VALUES ('70', '10', '20', 'Ut ut eos asperiores fuga praesentium omnis. Voluptas cupiditate sit eos. Fugit hic quidem autem dignissimos. Totam modi velit numquam et quam voluptas.');
INSERT INTO `issue` (`Id`, `Doctor`, `Pet`, `Description`) VALUES ('71', '1', '21', 'Maxime inventore similique ducimus eligendi ab nihil. Eveniet est soluta et velit et ea magni. Et vero earum veritatis molestiae qui. Qui et nihil facere expedita ullam error illum.');
INSERT INTO `issue` (`Id`, `Doctor`, `Pet`, `Description`) VALUES ('72', '2', '22', 'Non voluptate qui cupiditate non. Voluptatem at est voluptas dolorem doloremque minus veniam aliquid. Odio cumque praesentium sit aut repellendus doloribus deleniti. Enim a non neque laboriosam amet ea. Et nihil a debitis molestias molestiae ut.');
INSERT INTO `issue` (`Id`, `Doctor`, `Pet`, `Description`) VALUES ('73', '3', '23', 'Minima exercitationem quibusdam est. Quae tempore dolore recusandae voluptas dolores. Veritatis dolor voluptatem illum soluta excepturi ipsa sint.');
INSERT INTO `issue` (`Id`, `Doctor`, `Pet`, `Description`) VALUES ('74', '4', '24', 'Alias eaque provident dolore aut. Quidem quo iusto quia minima. Quisquam laborum ad inventore error earum nihil.');
INSERT INTO `issue` (`Id`, `Doctor`, `Pet`, `Description`) VALUES ('75', '5', '25', 'Et fugiat odio repudiandae voluptatibus est itaque. Ut adipisci harum et sapiente distinctio modi aut. A tempora sunt magnam ut. Animi voluptates iste minima recusandae rerum consequatur.');
INSERT INTO `issue` (`Id`, `Doctor`, `Pet`, `Description`) VALUES ('76', '6', '26', 'Dolore quas molestiae voluptas sed iusto. Repellat alias aut deleniti repellat ut odit.');
INSERT INTO `issue` (`Id`, `Doctor`, `Pet`, `Description`) VALUES ('77', '7', '27', 'Sed et rem eaque harum. Nam tempora eligendi dignissimos ut natus dicta et et. Ea sunt rem magnam animi distinctio.');
INSERT INTO `issue` (`Id`, `Doctor`, `Pet`, `Description`) VALUES ('78', '8', '28', 'Possimus et deleniti architecto ducimus molestiae architecto quae. Dolorem ut delectus quo molestiae molestiae. Vitae est facere cupiditate quae. Est reiciendis laudantium exercitationem dolorem repudiandae.');
INSERT INTO `issue` (`Id`, `Doctor`, `Pet`, `Description`) VALUES ('79', '9', '29', 'Sed soluta sunt molestiae vitae doloribus et. Quis sequi molestiae recusandae in nemo consequatur. Quia sed voluptas qui est aliquam. Qui quis velit repellat id corporis praesentium quis.');
INSERT INTO `issue` (`Id`, `Doctor`, `Pet`, `Description`) VALUES ('80', '10', '30', 'Eveniet cumque reiciendis rem velit voluptatibus velit provident. Earum eum culpa a aut reiciendis dignissimos. Ad ipsa saepe sit quod quas soluta omnis blanditiis.');
INSERT INTO `issue` (`Id`, `Doctor`, `Pet`, `Description`) VALUES ('81', '1', '31', 'Optio qui et aperiam praesentium saepe suscipit. Illum rerum iusto consequatur illo. Nisi ducimus ex eligendi voluptas commodi a. Ut non ut sed ut ut dolorum.');
INSERT INTO `issue` (`Id`, `Doctor`, `Pet`, `Description`) VALUES ('82', '2', '32', 'Qui illum facere sequi quis facilis veritatis. Hic nostrum et a quaerat enim. Eaque exercitationem ad similique corporis eaque laborum.');
INSERT INTO `issue` (`Id`, `Doctor`, `Pet`, `Description`) VALUES ('83', '3', '33', 'Velit asperiores pariatur nemo voluptatibus ad. Reiciendis quo soluta maiores et dolore itaque odit. Aut quos harum id doloremque cupiditate. Vitae accusamus et aut id placeat. Modi delectus id nostrum accusamus.');
INSERT INTO `issue` (`Id`, `Doctor`, `Pet`, `Description`) VALUES ('84', '4', '34', 'Unde sit quo omnis explicabo suscipit eos. Odit voluptatem hic tempora magni est. Quaerat repudiandae sunt quasi optio. Est modi velit aut harum nobis qui.');
INSERT INTO `issue` (`Id`, `Doctor`, `Pet`, `Description`) VALUES ('85', '5', '35', 'Nihil ipsa et mollitia nam sunt. Consequuntur non exercitationem eum. Perferendis ut sint totam eaque. Rerum nihil quisquam non fugiat vitae vel ut.');
INSERT INTO `issue` (`Id`, `Doctor`, `Pet`, `Description`) VALUES ('86', '6', '36', 'Minima corporis ipsam quia voluptas. In non aut nesciunt molestiae est sed sit.');
INSERT INTO `issue` (`Id`, `Doctor`, `Pet`, `Description`) VALUES ('87', '7', '37', 'Nulla libero voluptatibus maxime aperiam est officiis. Expedita delectus consectetur consectetur et accusantium. Consequatur nisi fugiat autem iste aliquam aliquam. Quo quibusdam eos suscipit qui et itaque nulla.');
INSERT INTO `issue` (`Id`, `Doctor`, `Pet`, `Description`) VALUES ('88', '8', '38', 'Quia et optio voluptatem sint harum voluptas. Voluptatem iste quo sed dolorem unde aliquam ducimus. Suscipit eligendi ut dolorem enim qui. Sunt et voluptas minus.');
INSERT INTO `issue` (`Id`, `Doctor`, `Pet`, `Description`) VALUES ('89', '9', '39', 'Recusandae autem aut doloremque. Consequatur rerum qui assumenda quis. Tempora delectus fugit non facilis.');
INSERT INTO `issue` (`Id`, `Doctor`, `Pet`, `Description`) VALUES ('90', '10', '40', 'Delectus excepturi quis voluptas praesentium quis quidem. Quia dolorum dolorem labore accusantium distinctio ut facere voluptas.');
INSERT INTO `issue` (`Id`, `Doctor`, `Pet`, `Description`) VALUES ('91', '1', '41', 'Omnis nesciunt voluptatem ipsam dolor esse nihil quia. Et deleniti debitis at repudiandae ducimus fugit.');
INSERT INTO `issue` (`Id`, `Doctor`, `Pet`, `Description`) VALUES ('92', '2', '42', 'Illum libero fuga tenetur voluptatum quis cumque quia quia. Optio omnis atque ipsum quae iste nesciunt ratione autem. Quas molestiae quis molestiae quae alias sed.');
INSERT INTO `issue` (`Id`, `Doctor`, `Pet`, `Description`) VALUES ('93', '3', '43', 'Dolor voluptatem pariatur perferendis quam ut iste sunt. Et saepe et perspiciatis dolores. Numquam vel sed voluptas debitis facilis quaerat. Alias nemo sint autem voluptas.');
INSERT INTO `issue` (`Id`, `Doctor`, `Pet`, `Description`) VALUES ('94', '4', '44', 'Est explicabo velit aut ut. Quas impedit voluptas quasi dolor quis excepturi dolores reiciendis. Nam est ut sequi rem rem provident sunt.');
INSERT INTO `issue` (`Id`, `Doctor`, `Pet`, `Description`) VALUES ('95', '5', '45', 'Natus molestias non maiores alias soluta aut. Magni suscipit magni soluta aut. Id quam suscipit laborum harum nam at. Recusandae nesciunt ratione quasi recusandae corrupti.');
INSERT INTO `issue` (`Id`, `Doctor`, `Pet`, `Description`) VALUES ('96', '6', '46', 'Nulla in quo quibusdam. Alias blanditiis quas repellendus. Maxime distinctio aperiam adipisci molestiae. Quis sunt vitae alias vitae sapiente.');
INSERT INTO `issue` (`Id`, `Doctor`, `Pet`, `Description`) VALUES ('97', '7', '47', 'Exercitationem consequatur temporibus sint dolores. Qui velit fugiat dolor debitis perspiciatis perspiciatis perferendis nemo.');
INSERT INTO `issue` (`Id`, `Doctor`, `Pet`, `Description`) VALUES ('98', '8', '48', 'Sint quasi nihil nisi qui ad minus in. Eum iste et itaque eligendi facere. Sit repellat soluta debitis illum tenetur ea repellendus. Qui ipsam et dolore omnis consectetur et.');
INSERT INTO `issue` (`Id`, `Doctor`, `Pet`, `Description`) VALUES ('99', '9', '49', 'Eaque fuga eius quia aut iste. Ut molestiae doloribus sed sint explicabo. Laudantium aperiam rerum eos quas similique eius.');
INSERT INTO `issue` (`Id`, `Doctor`, `Pet`, `Description`) VALUES ('100', '10', '50', 'Magni id doloribus omnis modi illo repellat quae. Omnis quas neque eaque alias cumque quia atque consequatur. Iste esse repellat ipsum unde qui. Harum consequuntur delectus officiis qui. Unde omnis suscipit in id explicabo blanditiis.');
INSERT INTO `issue` (`Id`, `Doctor`, `Pet`, `Description`) VALUES ('101', '1', '1', 'Sapiente tempore atque ipsum nihil. Facere amet omnis cumque nihil. Quos natus veritatis ducimus ut non a impedit fugiat. Est commodi amet rerum delectus.');
INSERT INTO `issue` (`Id`, `Doctor`, `Pet`, `Description`) VALUES ('102', '2', '2', 'Ut odio suscipit recusandae aut nemo. Quas voluptas non est est omnis culpa eum. Animi et atque sunt sed. Ratione accusamus et beatae illo et deleniti nihil.');
INSERT INTO `issue` (`Id`, `Doctor`, `Pet`, `Description`) VALUES ('103', '3', '3', 'Placeat ut nisi omnis est. Quasi modi animi quis quod magnam quis. Voluptas voluptas provident delectus. Voluptatem minima voluptate consequatur illo a.');
INSERT INTO `issue` (`Id`, `Doctor`, `Pet`, `Description`) VALUES ('104', '4', '4', 'Quo est cum quia adipisci ex repellendus qui. Modi ducimus rem qui nam. Quia ut quis fugit soluta nisi voluptas explicabo. Ex id aut quis deleniti.');
INSERT INTO `issue` (`Id`, `Doctor`, `Pet`, `Description`) VALUES ('105', '5', '5', 'Voluptatem officiis est quia qui. Molestiae aut molestiae pariatur laborum sint ipsam aut. Et necessitatibus sequi nobis totam ad. In accusantium adipisci necessitatibus minima nulla qui.');
INSERT INTO `issue` (`Id`, `Doctor`, `Pet`, `Description`) VALUES ('106', '6', '6', 'Aut vel nihil quam quas sint ducimus reprehenderit. Et ut quos qui ut cumque modi perspiciatis. Ut est totam eligendi natus aut.');
INSERT INTO `issue` (`Id`, `Doctor`, `Pet`, `Description`) VALUES ('107', '7', '7', 'Voluptatem temporibus quia molestias est nihil eveniet. Officia corrupti incidunt deleniti iusto numquam ut sapiente. Voluptas earum quaerat ullam ullam perferendis et sint necessitatibus. Vitae aut officia laudantium ut beatae et.');
INSERT INTO `issue` (`Id`, `Doctor`, `Pet`, `Description`) VALUES ('108', '8', '8', 'At modi minima quibusdam ea. Rerum in qui qui totam laudantium sunt. Cupiditate occaecati occaecati facilis numquam nihil aspernatur.');
INSERT INTO `issue` (`Id`, `Doctor`, `Pet`, `Description`) VALUES ('109', '9', '9', 'Dolores mollitia officia quo. Impedit numquam sint dolores distinctio possimus blanditiis iusto. Ullam neque voluptatum facere qui aliquam ut.');
INSERT INTO `issue` (`Id`, `Doctor`, `Pet`, `Description`) VALUES ('110', '10', '10', 'Necessitatibus velit quibusdam sint atque incidunt ut eligendi sed. Aut blanditiis numquam omnis qui ex doloremque mollitia. Nobis omnis voluptate itaque sed qui nesciunt harum.');
INSERT INTO `issue` (`Id`, `Doctor`, `Pet`, `Description`) VALUES ('111', '1', '11', 'Suscipit et magnam quos quae dolorem numquam. Accusamus voluptas iusto quia et animi. Rerum esse ut ab doloribus.');
INSERT INTO `issue` (`Id`, `Doctor`, `Pet`, `Description`) VALUES ('112', '2', '12', 'Non reiciendis sapiente voluptatem. Repudiandae dolores nisi ducimus vitae. Odio consequatur totam mollitia dolor ab.');
INSERT INTO `issue` (`Id`, `Doctor`, `Pet`, `Description`) VALUES ('113', '3', '13', 'Saepe voluptatem unde odio repellat exercitationem nulla minima. Reprehenderit suscipit magnam earum qui quos quis. Commodi impedit ullam commodi eveniet.');
INSERT INTO `issue` (`Id`, `Doctor`, `Pet`, `Description`) VALUES ('114', '4', '14', 'Ipsum commodi voluptatum soluta et. Dolor debitis quidem praesentium maxime. Facilis libero quis dolorem. A voluptates libero totam et nisi ut aut.');
INSERT INTO `issue` (`Id`, `Doctor`, `Pet`, `Description`) VALUES ('115', '5', '15', 'Vitae quis perspiciatis ut reiciendis fugiat. Qui et nihil qui blanditiis porro molestiae error. Est repellat maiores dolores voluptatum pariatur aut.');
INSERT INTO `issue` (`Id`, `Doctor`, `Pet`, `Description`) VALUES ('116', '6', '16', 'Quis animi omnis quis neque. Praesentium possimus ratione quasi ipsam. Laboriosam accusantium iste in porro eum.');
INSERT INTO `issue` (`Id`, `Doctor`, `Pet`, `Description`) VALUES ('117', '7', '17', 'Dicta consequatur mollitia quisquam ipsum natus enim. Eum voluptatem velit ab ipsa odit. Et numquam explicabo et consequatur assumenda. Quod placeat deserunt quisquam at. Omnis dolor doloribus expedita sit dicta perferendis.');
INSERT INTO `issue` (`Id`, `Doctor`, `Pet`, `Description`) VALUES ('118', '8', '18', 'Molestiae assumenda velit dicta sunt. Magnam provident atque nesciunt odit. Iste molestiae eum non iusto eius cumque. Et tempore nesciunt qui esse.');
INSERT INTO `issue` (`Id`, `Doctor`, `Pet`, `Description`) VALUES ('119', '9', '19', 'Omnis omnis necessitatibus animi quia officiis quos. Reprehenderit magnam deleniti ab tenetur eos id. Necessitatibus repudiandae et id sapiente reprehenderit enim. Exercitationem incidunt qui repudiandae magnam libero velit.');
INSERT INTO `issue` (`Id`, `Doctor`, `Pet`, `Description`) VALUES ('120', '10', '20', 'Voluptatibus eligendi iste nesciunt officiis ut perferendis. Et pariatur eum sit qui aliquam cupiditate. Architecto quia et ex aut quibusdam vitae.');
INSERT INTO `issue` (`Id`, `Doctor`, `Pet`, `Description`) VALUES ('121', '1', '21', 'Molestiae voluptate provident vel consequatur est harum. Eum quibusdam cupiditate sequi error nesciunt id ut. Nobis aut labore quos recusandae et ullam.');
INSERT INTO `issue` (`Id`, `Doctor`, `Pet`, `Description`) VALUES ('122', '2', '22', 'Nobis aut autem consequuntur ut sit veniam a. Laudantium ab qui odio enim ea. Id aperiam quia reprehenderit. Est velit et dolorem aut aut esse.');
INSERT INTO `issue` (`Id`, `Doctor`, `Pet`, `Description`) VALUES ('123', '3', '23', 'Molestiae et molestias voluptatem fuga non odit. Eos ipsa ipsa excepturi esse unde eum eos. Dolores repellendus incidunt qui recusandae ut sequi alias aut.');
INSERT INTO `issue` (`Id`, `Doctor`, `Pet`, `Description`) VALUES ('124', '4', '24', 'Aliquam dolores quam deserunt debitis. Ex sapiente et et autem provident nulla. Et molestiae nam est laborum eaque. Aut ut velit dolorum omnis dolorem natus cupiditate et.');
INSERT INTO `issue` (`Id`, `Doctor`, `Pet`, `Description`) VALUES ('125', '5', '25', 'Tempore est magni ea reprehenderit. Nesciunt officia sint magni laudantium ut.');
INSERT INTO `issue` (`Id`, `Doctor`, `Pet`, `Description`) VALUES ('126', '6', '26', 'Et molestiae veritatis aut quia reprehenderit excepturi molestiae. Quaerat sit excepturi illum sit laborum itaque aut. Quis odit numquam et excepturi doloremque recusandae aut. Quas eos at hic commodi nobis sapiente omnis.');
INSERT INTO `issue` (`Id`, `Doctor`, `Pet`, `Description`) VALUES ('127', '7', '27', 'Unde quia facere non. Ab qui sit iure optio omnis qui. Sequi aliquam est velit odit. Qui assumenda saepe dolor eaque quas.');
INSERT INTO `issue` (`Id`, `Doctor`, `Pet`, `Description`) VALUES ('128', '8', '28', 'Quas velit et optio consequatur magnam. Et vitae quos consequatur in et praesentium quo. Non iste qui voluptas eos nihil.');
INSERT INTO `issue` (`Id`, `Doctor`, `Pet`, `Description`) VALUES ('129', '9', '29', 'Dicta amet beatae rerum sit facilis aperiam dolorem. Et nam nam quaerat deleniti distinctio pariatur eligendi. Officiis incidunt architecto voluptatem eveniet eos optio. Voluptatibus voluptate distinctio commodi quo impedit.');
INSERT INTO `issue` (`Id`, `Doctor`, `Pet`, `Description`) VALUES ('130', '10', '30', 'Quo minus cupiditate perspiciatis non. Quia et dolorum omnis ex quis odio accusantium. Minus assumenda culpa facilis perferendis. Dolores velit ut harum consequuntur voluptatem similique.');
INSERT INTO `issue` (`Id`, `Doctor`, `Pet`, `Description`) VALUES ('131', '1', '31', 'Perspiciatis maiores fugiat id earum. Animi provident omnis necessitatibus consequatur veritatis adipisci aliquam.');
INSERT INTO `issue` (`Id`, `Doctor`, `Pet`, `Description`) VALUES ('132', '2', '32', 'Illum deleniti qui aut itaque voluptas. Ab at cum cupiditate ipsum incidunt rerum corrupti. Dolorem dolor aperiam ipsum quia rerum. Cupiditate incidunt et non aspernatur et.');
INSERT INTO `issue` (`Id`, `Doctor`, `Pet`, `Description`) VALUES ('133', '3', '33', 'Ea blanditiis ea placeat ut odit. Possimus provident ea ipsum. Aut sit sed esse et et est recusandae delectus. Excepturi dolorem voluptatem incidunt et voluptate.');
INSERT INTO `issue` (`Id`, `Doctor`, `Pet`, `Description`) VALUES ('134', '4', '34', 'Molestias at dolorem illum voluptatum nam laudantium. Et minima voluptas explicabo sint. Omnis culpa doloremque est aut nihil molestiae rem.');
INSERT INTO `issue` (`Id`, `Doctor`, `Pet`, `Description`) VALUES ('135', '5', '35', 'Non in qui est architecto. Similique nulla eaque molestias. Maxime iure fuga necessitatibus ut incidunt.');
INSERT INTO `issue` (`Id`, `Doctor`, `Pet`, `Description`) VALUES ('136', '6', '36', 'Vitae et possimus iure iure est quod accusamus. Est est dicta reiciendis blanditiis. Velit et dolore harum dolores dolores eaque corporis. Necessitatibus perspiciatis iste sunt repudiandae dolorum.');
INSERT INTO `issue` (`Id`, `Doctor`, `Pet`, `Description`) VALUES ('137', '7', '37', 'Rerum doloribus et asperiores dignissimos qui velit. Veritatis natus distinctio quasi et quia molestias porro. Laborum minima unde laudantium laudantium consequatur. Molestiae dolores eum atque numquam rerum dolores incidunt vitae.');
INSERT INTO `issue` (`Id`, `Doctor`, `Pet`, `Description`) VALUES ('138', '8', '38', 'Ut eligendi laboriosam dolor aut et et blanditiis dolor. Eos sed autem qui sint laborum tenetur soluta. Aut est est est nihil.');
INSERT INTO `issue` (`Id`, `Doctor`, `Pet`, `Description`) VALUES ('139', '9', '39', 'Temporibus totam impedit enim vel quia consequuntur tempora. Ad et nihil laborum. Sed velit consequatur dolor minus.');
INSERT INTO `issue` (`Id`, `Doctor`, `Pet`, `Description`) VALUES ('140', '10', '40', 'Velit incidunt autem accusamus qui sint non tempora. Voluptas maxime odit rerum non natus deleniti voluptatem debitis. Maxime aut dolores in recusandae veniam ea impedit. Et facere voluptatibus consequatur praesentium voluptate doloribus.');
INSERT INTO `issue` (`Id`, `Doctor`, `Pet`, `Description`) VALUES ('141', '1', '41', 'Quasi laboriosam aut doloremque esse omnis. Ut sit enim sed ut.');
INSERT INTO `issue` (`Id`, `Doctor`, `Pet`, `Description`) VALUES ('142', '2', '42', 'A omnis soluta beatae ut eaque ratione. Quo repellendus autem ipsum delectus. Officiis rerum est et ea laboriosam dolores. Cupiditate eum fuga occaecati blanditiis et in. Non inventore sit ut non nisi sit omnis.');
INSERT INTO `issue` (`Id`, `Doctor`, `Pet`, `Description`) VALUES ('143', '3', '43', 'Cumque commodi molestias ea qui voluptatem repudiandae. Eligendi assumenda repellendus porro. Illo eos laborum architecto necessitatibus.');
INSERT INTO `issue` (`Id`, `Doctor`, `Pet`, `Description`) VALUES ('144', '4', '44', 'Vel dicta qui dolor at quia dolor aut ullam. Rerum voluptatibus excepturi sed est. Tempore laudantium eveniet pariatur eaque. Veritatis qui aliquid voluptas aspernatur consectetur qui quo.');
INSERT INTO `issue` (`Id`, `Doctor`, `Pet`, `Description`) VALUES ('145', '5', '45', 'Non nostrum ea rerum fugit et quis rerum. Similique illum eaque fuga sequi. Ut aperiam quis aut.');
INSERT INTO `issue` (`Id`, `Doctor`, `Pet`, `Description`) VALUES ('146', '6', '46', 'Ut quam qui officiis tempora aliquam eum. Temporibus eos commodi sint occaecati repudiandae deleniti. Aut nulla consequatur rem molestias eius id. Dicta nihil autem ut architecto.');
INSERT INTO `issue` (`Id`, `Doctor`, `Pet`, `Description`) VALUES ('147', '7', '47', 'Natus sit sit commodi dolor. Ut recusandae inventore reiciendis placeat. Esse numquam hic pariatur placeat dicta odio incidunt. Sed unde animi magnam nisi nihil.');
INSERT INTO `issue` (`Id`, `Doctor`, `Pet`, `Description`) VALUES ('148', '8', '48', 'Dolor aliquid fuga dolorum qui soluta. Eos expedita suscipit hic quos. Dicta officiis vel aut. Qui ut laborum iusto molestias laborum.');
INSERT INTO `issue` (`Id`, `Doctor`, `Pet`, `Description`) VALUES ('149', '9', '49', 'Voluptate assumenda quia et voluptatibus. Ut reiciendis dolor totam tenetur eveniet nostrum culpa. Omnis temporibus beatae dignissimos ducimus recusandae. Unde dolorem molestiae facere. Earum eum et cum reprehenderit ea.');
INSERT INTO `issue` (`Id`, `Doctor`, `Pet`, `Description`) VALUES ('150', '10', '50', 'Perferendis non sunt iure commodi eaque. Eos fuga harum et qui. Possimus quo magni eum laudantium iste possimus.');
